sample_id,text,label_reg,pred_reg,label_2,pred_2,label_7,pred_7
c7UH_rxdZv4[0],oh my gosh bad movie,-2.799999952316284,-1.472671389579773,0,0,0,2
c7UH_rxdZv4[1],really bad movie,-2.5999999046325684,-1.4960417747497559,0,0,0,2
c7UH_rxdZv4[2],i wish i werent because,-0.800000011920929,-1.3302276134490967,0,0,2,2
c7UH_rxdZv4[3],werent because i truly love an action flick action comedy flick even better right,1.600000023841858,0.6920483112335205,1,1,5,4
c7UH_rxdZv4[4],but basically seth rogan brought none of the charm that he normally does to his roles,-2.200000047683716,-1.5007116794586182,0,0,1,1
c7UH_rxdZv4[5],in fact i have to say that this was one of those obnoxious main characters ive seen a long time,-2.5999999046325684,-1.5076863765716553,0,0,0,1
c7UH_rxdZv4[6],yeap a horrible protagonist,-3.0,-1.497562050819397,0,0,0,2
c7UH_rxdZv4[7],he um had all the charm of a narcissist xxx boy the whole film,-2.799999952316284,1.5831291675567627,0,1,0,5
c7UH_rxdZv4[8],and unlike other films for they kind of a narcisstic xxx boy but they bring something to the table you know,-0.4000000059604645,1.5469703674316406,0,1,3,5
c7UH_rxdZv4[9],theres something that just kind of makes tham so sl slightly endearing even though theyre kind of the jack ass you know,0.800000011920929,1.5952305793762207,1,1,4,5
c7UH_rxdZv4[10],youre like oh theyre still kind of cool,1.0,1.6008014678955078,1,1,4,5
c7UH_rxdZv4[11],no no hes unfunny not funny at all,-2.799999952316284,-1.4839497804641724,0,0,0,2
c7UH_rxdZv4[12],um hes just a jack ass,-2.5999999046325684,0.7107334733009338,0,1,0,4
c7UH_rxdZv4[13],um kato kicks ass handsome guy,1.2000000476837158,1.1400330066680908,1,1,4,4
c7UH_rxdZv4[14],boring,-2.4000000953674316,-1.3460147380828857,0,0,1,2
c7UH_rxdZv4[15],hes boring,-2.0,-1.4733179807662964,0,0,1,2
c7UH_rxdZv4[16],just like look away what he can do he can do lots of stuff sath,-1.399999976158142,0.9098782539367676,0,1,2,4
c7UH_rxdZv4[17],what wa what hes what w why you have no skills whatsoeveryou cant,-2.25,-1.4994425773620605,0,0,1,2
c7UH_rxdZv4[18],even tell funny jokes,-1.7999999523162842,0.9071331024169922,0,1,1,4
c7UH_rxdZv4[19],and than cameron diaz whos supposed to be plucky i guess but shes just kinf of useless,-1.7999999523162842,-1.3381154537200928,0,0,1,2
c7UH_rxdZv4[20],hi im pretty i have a giant smile im supposed to know thingsum walk of screen,-0.800000011920929,1.5628565549850464,0,1,2,5
c7UH_rxdZv4[21],um yeah the characters didnt care weather they lived or died,-2.4000000953674316,-1.2612688541412354,0,0,1,2
c7UH_rxdZv4[22],kato was the only one that was any good whatsoever,-0.6000000238418579,-1.4578850269317627,0,0,2,2
c7UH_rxdZv4[23],and he was still boring,-1.7999999523162842,-1.471557855606079,0,0,1,2
c7UH_rxdZv4[24],um yeah the special effects were ok,0.0,1.5865662097930908,1,1,3,5
c7UH_rxdZv4[25],nothing thats worth going to theaters to see,-2.5999999046325684,-1.456200361251831,0,0,0,2
c7UH_rxdZv4[26],and yeah i think the only character who actually showed their motivation bihind anything they did was the villain,-1.7999999523162842,-0.7489999532699585,0,0,1,2
c7UH_rxdZv4[27],he was the only character that was slightly interesting,-0.800000011920929,1.5002723932266235,0,1,2,5
c7UH_rxdZv4[28],who seemed to have genuine affection for other human beings,0.6000000238418579,1.0503098964691162,1,1,4,4
c7UH_rxdZv4[29],and it was kind of interesting,1.2000000476837158,1.5876612663269043,1,1,4,5
c7UH_rxdZv4[30],i mean the only character that shows genuine care for other people be the villain,-1.399999976158142,-0.8109043836593628,0,0,2,2
c7UH_rxdZv4[31],hmm yeah skip it,-2.200000047683716,-1.463876485824585,0,0,1,2
c7UH_rxdZv4[32],dont see it,-1.7999999523162842,-1.436476230621338,0,0,1,2
cM3Yna7AavY[0],i just got back from the movie theaters to go see a movie ive been waiting probably about a year and a half to two years for,2.200000047683716,-0.7681561708450317,1,0,5,2
cM3Yna7AavY[1],if you are as big a fan of disney as i am,2.5,1.1907258033752441,1,1,5,4
cM3Yna7AavY[2],you know of course i was waithing for the princess and the frog,1.0,0.03761850297451019,1,1,4,3
cM3Yna7AavY[3],i had some high exp o maybe not high expectations per se but i was definately expecting this to be a good movie,0.6000000238418579,1.1594834327697754,1,1,4,4
cM3Yna7AavY[4],and oh oh my gosh i was blown away,2.799999952316284,-1.4718830585479736,1,0,6,2
cM3Yna7AavY[5],anyway oh you can see im still speechless this movie was just beautiful,2.799999952316284,1.5934762954711914,1,1,6,5
cM3Yna7AavY[6],it was incredible see all the different color palettes smooth hand drawn animation you know,3.0,1.6056689023971558,1,1,6,5
cM3Yna7AavY[7],they arent doing so well brother bear,-0.6000000238418579,-1.5075876712799072,0,0,2,1
cM3Yna7AavY[8],so um i guess people just want to see um computer animated films from now on,-0.20000000298023224,0.8999339938163757,0,1,3,4
cM3Yna7AavY[9],i personally i liked atlantis,1.600000023841858,1.5749242305755615,1,1,5,5
cM3Yna7AavY[10],i liked lilo and stich,2.0,1.591284990310669,1,1,5,5
cM3Yna7AavY[11],i didnt really i mean trasure planet was ok,-1.0,0.19697211682796478,0,1,2,3
cM3Yna7AavY[12],i didnt really like ba brother bear,-1.600000023841858,-1.483422040939331,0,0,1,2
cM3Yna7AavY[13],and i hated home on the range,-2.5999999046325684,-1.41547429561615,0,0,0,2
cM3Yna7AavY[14],it was oh i couldnt even watch it,-2.4000000953674316,-1.4807100296020508,0,0,1,2
cM3Yna7AavY[15],oh god why did i watch that movie,-2.799999952316284,-0.9377946853637695,0,0,0,2
cW1FSBF59ik[0],probably widely considered to be one of the failed one of the most failed movies of the xmen franchise aright,-2.5999999046325684,-1.1336174011230469,0,0,0,2
cW1FSBF59ik[1],aright first of all id like to say little wolver james or jimmy hes so cute hes so xxx anyways,3.0,1.1912600994110107,1,1,6,4
cW1FSBF59ik[2],im pretty sure the first time it happend you would be kinda freaked out the whole time you know,-1.0,-0.7672979831695557,0,0,2,2
cW1FSBF59ik[3],sigh i love when they show all the the war scenes all the the time they spent in the military and shit,1.600000023841858,1.594921350479126,1,1,5,5
cW1FSBF59ik[4],thats freaking epic,2.0,1.5360774993896484,1,1,5,5
cW1FSBF59ik[5],and i like how it shows,1.2000000476837158,1.5998563766479492,1,1,4,5
cW1FSBF59ik[6],its pretty sic,0.5,0.7867109179496765,1,1,3,4
cW1FSBF59ik[7],i love the name wade,1.7999999523162842,1.5939791202545166,1,1,5,5
cW1FSBF59ik[8],but i do not take ryan reynolds seriously for shit in this movie,-2.4000000953674316,-1.4636785984039307,0,0,1,2
cW1FSBF59ik[9],i love him as an actor based on his looks as a actual talented actor no,-1.0,1.59645414352417,0,1,2,5
cW1FSBF59ik[10],laughing he certainly doesnt fit the bill either for any marvel movie um zero,-1.0,-1.4736578464508057,0,0,2,2
cW1FSBF59ik[11],after he busts all his caps in the air and rans and all the dead bodies fall around him fucking sick,2.200000047683716,-1.4819821119308472,1,0,5,2
cW1FSBF59ik[12],same with um wades uh sword scene where hes like sound effects its freaking epic,2.0,1.5674428939819336,1,1,5,5
cW1FSBF59ik[13],um lip smacking sigh hm marvel once again decided to toss another random bitch in this movie wolverines bitch,-1.2000000476837158,-1.3048089742660522,0,0,2,2
cW1FSBF59ik[14],the random bitch that nobody knows where the fuck she came from why marvel why do you insist on torturing me,-2.5999999046325684,-1.3575007915496826,0,0,0,2
cW1FSBF59ik[15],lip smacking anyway lip smacking i love sabre tooth in this movie,3.0,1.6072485446929932,1,1,6,5
cW1FSBF59ik[16],he was fucking epic,2.4000000953674316,1.5720107555389404,1,1,5,5
cW1FSBF59ik[17],lieb schriever or however the fuck you say his name is a fucking tremendously awesome actor,2.5999999046325684,1.58739173412323,1,1,6,5
cW1FSBF59ik[18],ive never seen him in anything else,0.20000000298023224,-0.5315200686454773,1,0,3,2
cW1FSBF59ik[19],but in this oh my god i love you,2.5,1.5936870574951172,1,1,5,5
cW1FSBF59ik[20],and you probably did the best portrayal of sabre tooth ever,1.600000023841858,1.589721918106079,1,1,5,5
cW1FSBF59ik[21],although i do agree that the look could have been changed to fit the actual sabre tooths like with the right hair,-1.0,0.27161380648612976,0,1,2,3
cW1FSBF59ik[22],um we i love the scene where sabre tooth throws wolverine into the truck that feel good jackoff um,1.399999976158142,1.6006453037261963,1,1,4,5
cW1FSBF59ik[23],um fred dukes is the blob,0.0,-0.6186912059783936,1,0,3,2
cXypl4FnoZo[0],xxx seeing red riding hood for a really long time,1.0,0.14468587934970856,1,1,4,3
cXypl4FnoZo[1],and um ill just say overall if i think it was good,1.0,1.6048882007598877,1,1,4,5
cXypl4FnoZo[2],but um i liked it,1.7999999523162842,1.572394847869873,1,1,5,5
cXypl4FnoZo[3],i thought it could be really bad um but it didnt look like it would be but it couldve been,-0.800000011920929,-1.50815749168396,0,0,2,1
cXypl4FnoZo[4],um i like did i thought catherine hardwicke did a good job,1.7999999523162842,1.5912964344024658,1,1,5,5
cXypl4FnoZo[5],and um i liked you know catherine hardwicke is like you know kind of ridiculous,-0.6000000238418579,-1.4729487895965576,0,0,2,2
cXypl4FnoZo[6],and she was kind of wierd during twilight,-1.0,-0.789739727973938,0,0,2,2
cXypl4FnoZo[7],but um i i like seeing um female directors because there arent that many compare to you know guy directors,1.399999976158142,1.5931851863861084,1,1,4,5
cXypl4FnoZo[8],so the more like women directors that i see you know i i i like seeing that,1.2000000476837158,1.604414463043213,1,1,4,5
cXypl4FnoZo[9],so um i thought she did great with this movie,2.0,1.5936346054077148,1,1,5,5
cXypl4FnoZo[10],um anyway i would say just you go and see it if you were thinking about seeing it but you werent sure if it would be worth seeing,1.399999976158142,-1.4808908700942993,1,0,4,2
cXypl4FnoZo[11],um i say go see it coz i i enjoyed it now,2.0,1.5980339050292969,1,1,5,5
cXypl4FnoZo[12],um i hm i dont like well i dont know if i wanna say i dont like this but i wish that it wouldve been different who the wolf actually turned out to be,-1.0,-1.5039622783660889,0,0,2,1
cXypl4FnoZo[13],um i just i wouldve like me and louis were saying we were thinking the whole time like who couldve be who couldve be,-0.6000000238418579,-1.4526233673095703,0,0,2,2
cXypl4FnoZo[14],um we had like we have guessed everybody um this like this random charecter dude who what does he do,0.0,-0.30097952485084534,1,0,3,3
cXypl4FnoZo[15],i dont know how to like tell you who he is coz youre gonna be like that doesnt narrow it down at all,-0.6000000238418579,-1.3182454109191895,0,0,2,2
cXypl4FnoZo[16],its just like this this character whos kind of random,-0.6000000238418579,-1.097090721130371,0,0,2,2
cXypl4FnoZo[17],and he i dont i think he maybe he got mad when hah i dont know,-0.25,-0.779624342918396,0,0,3,2
cXypl4FnoZo[18],um but yeah whatever um he we thought it would be him because they werent showing him a lot but they showed him enough to they kind of be like oh it was him in the end,0.800000011920929,-0.6195588111877441,1,0,4,2
cXypl4FnoZo[19],um a i wish we wished that it wouldve been um the guy,-1.0,-0.19168707728385925,0,0,2,3
cXypl4FnoZo[20],um we wished it wouldve been peter because it wouldve made sense throat cleaning that um peter,-0.6000000238418579,-1.4225739240646362,0,0,2,2
cXypl4FnoZo[21],like we wanted to be that she knew um amanda seyfrieds character knew it was peter but was pretending that she didnt so that she got a reason to run away with him and they could be together,0.20000000298023224,-0.7017028331756592,1,0,3,2
cXypl4FnoZo[22],and it would make sense,0.4000000059604645,-0.27759790420532227,1,0,3,3
cXypl4FnoZo[23],and and we kind of wanted it to be like but exept not that obvoious but that wouldve been good right like coz that it would give tham a reason coz they wanted to get married but they couldnc because she was gonna marry the other guy,0.20000000298023224,-0.8458313941955566,1,0,3,2
cXypl4FnoZo[24],and another thing the other guy she was supposed to marry was a hundred times better looking than peter,-1.2000000476837158,-0.5257200002670288,0,0,2,2
cXypl4FnoZo[25],was nicer than peter,0.6000000238418579,0.8599438667297363,1,1,4,4
cXypl4FnoZo[26],i was saying if shes not gonna marry him i will,0.800000011920929,-0.610253632068634,1,0,4,2
cXypl4FnoZo[27],because i thought he was um peter was annoying,-2.200000047683716,-1.497762680053711,0,0,1,2
cXypl4FnoZo[28],i didnt like peter,-1.399999976158142,-1.4957222938537598,0,0,2,2
d3_k5Xpfmik[0],woody harrlson who have named themselves after the places um to which they have traveled in which i think is a really nice xxx as,2.0,1.6046860218048096,1,1,5,5
d3_k5Xpfmik[1],a basically um ocd like,0.0,0.3695603907108307,1,1,3,3
d3_k5Xpfmik[2],the um cross of personality is really um charismatic and dynamic,2.0,1.3655447959899902,1,1,5,4
d3_k5Xpfmik[3],um it just goes to show that you really cant trust anyone in this situation,-1.0,-1.4875787496566772,0,0,2,2
d3_k5Xpfmik[4],zombieland is a really sucessful horror comedy,2.200000047683716,1.572306752204895,1,1,5,5
d3_k5Xpfmik[5],as it contains um rea really well done and faithful homages to the zombie horror sub ganre and,1.600000023841858,1.587755799293518,1,1,5,5
d3_k5Xpfmik[6],ganre and um while also maintains its kind of detached um satire of the genre,0.4000000059604645,-0.3992844521999359,1,0,3,3
d3_k5Xpfmik[7],but its really well done,2.200000047683716,1.585214376449585,1,1,5,5
d3_k5Xpfmik[8],because um you really wanna see it for yourself,1.399999976158142,1.5988881587982178,1,1,4,5
d3_k5Xpfmik[9],um its basically a um slow motion show case of different events,0.4000000059604645,0.22196704149246216,1,1,3,3
d3_k5Xpfmik[10],this credit sequence i think is the best credit sequence um since watchman,2.4000000953674316,1.6044453382492065,1,1,5,5
d3_k5Xpfmik[11],and i honestly think if we hadnt have seen watchman this would be the best credit sequence of the year,2.0,1.581770896911621,1,1,5,5
d3_k5Xpfmik[12],yeah it really is good i mean,2.200000047683716,1.6110435724258423,1,1,5,5
d3_k5Xpfmik[13],it uses um and this just doesnt apply to the um um credit se sequence on it own but appies to the movie as a whole it really knows how to use s slow motion without making it a gimmick,2.0,-1.3736623525619507,1,0,5,2
d3_k5Xpfmik[14],the sequences of the beginning of the film which features columbus exzplaining some of his rules um to surviving a zombie apocalipse are really well done,2.5999999046325684,1.5897265672683716,1,1,6,5
d3_k5Xpfmik[15],the xxx sequence is really well done,2.0,1.5869779586791992,1,1,5,5
d3_k5Xpfmik[16],but its a very kind of um stylistic edge on it,1.600000023841858,1.0005155801773071,1,1,5,4
d3_k5Xpfmik[17],it its almost like um imagining tarantino directed a zombie movie,0.800000011920929,-0.1744367778301239,1,0,4,3
d3_k5Xpfmik[18],and the style of the film like the um the free streams of slow motion the um the jump cooks and all that stuff feels very kind of um tarantino ask,0.20000000298023224,1.592431902885437,1,1,3,5
d6hH302o4v8[0],this movie was horrible,-2.799999952316284,-1.4490869045257568,0,0,0,2
d6hH302o4v8[1],nicholas cage should not do these kind of movies,-1.7999999523162842,-1.4653425216674805,0,0,1,2
d6hH302o4v8[2],hes always in these kinds of movies all this sorcerer witch voodoo kind of movies,0.20000000298023224,-0.22412948310375214,1,0,3,3
d6hH302o4v8[3],and its getting really tiring,-1.600000023841858,-1.463827133178711,0,0,1,2
d6hH302o4v8[4],hes horrible at it,-1.3333333730697632,-1.4773848056793213,0,0,2,2
d6hH302o4v8[5],no one takes him seriously,-2.0,-1.06044340133667,0,0,1,2
d6hH302o4v8[6],w w w when hes onscreen i want to punch him in the face,-2.799999952316284,-0.744253396987915,0,0,0,2
d6hH302o4v8[7],hes very boring,-2.200000047683716,-1.4633641242980957,0,0,1,2
d6hH302o4v8[8],he wa he was very annoying,-2.4000000953674316,-1.4699058532714844,0,0,1,2
d6hH302o4v8[9],he didnt know what he was talking about,-1.2000000476837158,-0.7826948165893555,0,0,2,2
d6hH302o4v8[10],and i was sitting in the theatre sleeping,-1.0,-0.8408933281898499,0,0,2,2
d6hH302o4v8[11],hellboy he was very good in hellboy but,1.399999976158142,1.5607354640960693,1,1,4,5
d6hH302o4v8[12],in hellboy but in this movie he wasnt good at all,-2.0,-1.4952365159988403,0,0,1,2
d6hH302o4v8[13],i i i didnt really care for his character at all,-1.7999999523162842,-1.4606800079345703,0,0,1,2
d6hH302o4v8[14],hes very boring as well,-1.75,-1.491951584815979,0,0,1,2
d6hH302o4v8[15],whole movies very boring,-2.0,-1.4807425737380981,0,0,1,2
d6hH302o4v8[16],it made no sense,-2.0,-1.483163595199585,0,0,1,2
d6hH302o4v8[17],i didnt really care about it at all,-2.0,-1.4820201396942139,0,0,1,2
d6hH302o4v8[18],i had no idea why i even saw this movie,-2.799999952316284,-1.495957851409912,0,0,0,2
d6hH302o4v8[19],uh the trailer looked like it could be a little g good,1.0,0.6292901039123535,1,1,4,4
d6hH302o4v8[20],but when i saw it was just totally boring,-2.4000000953674316,-1.4873920679092407,0,0,1,2
d6hH302o4v8[21],but it wasnt really made well,-1.0,-1.4766535758972168,0,0,2,2
d6hH302o4v8[22],and this is the worst by far,-2.5999999046325684,-1.4413436651229858,0,0,0,2
d6hH302o4v8[23],it was very very very boring,-2.799999952316284,-1.4768705368041992,0,0,0,2
d6hH302o4v8[24],made no sense,-1.600000023841858,-1.454223394393921,0,0,1,2
d6hH302o4v8[25],action scense were very dumb,-2.5999999046325684,-1.481665015220642,0,0,0,2
d6hH302o4v8[26],i hated it,-2.5999999046325684,-1.4603476524353027,0,0,0,2
d6hH302o4v8[27],but the last half hour of the movie it felt like they had added like a cgi orgasm,-1.0,-1.4356346130371094,0,0,2,2
d6hH302o4v8[28],you know they just tried uh with the cgi that they put t t t they they threw so much cgi at you,-1.7999999523162842,-1.504244327545166,0,0,1,1
d6hH302o4v8[29],and it was awful,-2.799999952316284,-1.4524937868118286,0,0,0,2
d6hH302o4v8[30],like it was like spewing cgi last half hour of the movie,-1.399999976158142,-1.1632025241851807,0,0,2,2
d6hH302o4v8[31],like every single scene was cgi it,-0.6000000238418579,-0.6115360260009766,0,0,2,2
d6hH302o4v8[32],cgi it was terrible,-3.0,-1.473876714706421,0,0,0,2
d6hH302o4v8[33],i hated it,-3.0,-1.4603476524353027,0,0,0,2
d6hH302o4v8[34],i was sitting there in the theatre laughing how bad the movie was at some points,-1.600000023841858,-1.4822602272033691,0,0,1,2
d6hH302o4v8[35],uh huh how about the acting and the action was was just so dull,-2.200000047683716,-1.4507454633712769,0,0,1,2
d6hH302o4v8[36],and boring,-2.200000047683716,-1.4441354274749756,0,0,1,2
d6hH302o4v8[37],do not see this movie,-3.0,-1.115696907043457,0,0,0,2
d6hH302o4v8[38],season of the witch was horrible acting,-3.0,-1.4928081035614014,0,0,0,2
d6hH302o4v8[39],dull,-1.0,-1.3487927913665771,0,0,2,2
d6hH302o4v8[40],just dont see this movie,-2.4000000953674316,-1.4824936389923096,0,0,1,2
d6hH302o4v8[41],i dont know why i even saw it,-1.399999976158142,-1.4550424814224243,0,0,2,2
d6hH302o4v8[42],so season of the witch is rated 3 out of 10 so,-2.5,1.594986081123352,0,1,1,5
dq3Nf_lMPnE[0],changes and growth of the characters its usaulaly a path of discovery,0.0,0.26705285906791687,1,1,3,3
dq3Nf_lMPnE[1],the last minute title that they threw on at the theaters,-1.399999976158142,-0.47014933824539185,0,0,2,3
dq3Nf_lMPnE[2],dreamworks is confusing me,-1.2000000476837158,-1.3535840511322021,0,0,2,2
dq3Nf_lMPnE[3],they solved this dilemma by removing the past within its a wonderful life twist courtecy of new betty rumpelstiltskin everything,-0.4000000059604645,0.9815192818641663,0,1,3,4
dq3Nf_lMPnE[4],rumpelstiltskin everything that happened in shrek 1 2 and 3 are wiped away,1.2000000476837158,-0.7581043243408203,1,0,4,2
dq3Nf_lMPnE[5],not a bad idea for a sequel,0.800000011920929,-0.36790910363197327,1,0,4,3
dq3Nf_lMPnE[6],but also not very original,-2.0,-1.472316861152649,0,0,1,2
dq3Nf_lMPnE[7],shrek 4 misses out on the magic that made the first film a real joy to view,0.6000000238418579,1.1474690437316895,1,1,4,4
dq3Nf_lMPnE[8],gone are the wickedly satirical stand ups of the world of fairy tales,-0.800000011920929,-1.149369716644287,0,0,2,2
dq3Nf_lMPnE[9],and also the cute wings to pop culture,1.0,1.5681456327438354,1,1,4,5
dq3Nf_lMPnE[10],and their place is a run of the mill animated action adventure plot with a few chuckles trown in,-0.6000000238418579,0.20886948704719543,0,1,2,3
dq3Nf_lMPnE[11],it seems like the writers and creators took the easy way out,-1.600000023841858,0.6123306155204773,0,1,1,4
dq3Nf_lMPnE[12],if award for the great characters of shrek in his supporting cast they are still voiced by the original stars mike myers eddie murphy cameron diaz and antonio banderas the film would be a real bust,-1.2000000476837158,-0.9312852621078491,0,0,2,2
dq3Nf_lMPnE[13],unless your kids are dying to see it id wait for the dvd i,-1.7999999523162842,1.0668132305145264,0,1,1,4
dq3Nf_lMPnE[14],dvd i give shrek forever after directed by mike mitchell a grade of b minus,1.0,1.567793607711792,1,1,4,5
etzxEpPuc6I[0],um so channing tatum and marlon are transporting it they get ambushed by um i think its cobra its kinda hard to explain it cuz,0.4000000059604645,-0.8125457763671875,1,0,3,2
etzxEpPuc6I[1],like the dude that made the technologies i i cant ruin the movie,1.2000000476837158,0.014042133465409279,1,1,4,3
etzxEpPuc6I[2],um from there it just goes into ridiculousness the,-1.600000023841858,-1.4689052104949951,0,0,1,2
etzxEpPuc6I[3],into ridiculousness the thing about this movie is like i i i wanna compare it to transformers 2 and i actually did,0.800000011920929,1.5995453596115112,1,1,4,5
etzxEpPuc6I[4],i was like you know theyre both hasbro toys theyre both moves that are com made for children,0.0,-0.06106489151716232,1,0,3,3
etzxEpPuc6I[5],but they have a lot of adult situations in it,0.4000000059604645,0.712214469909668,1,1,3,4
etzxEpPuc6I[6],but the thing about gi joe compared to transformers is transfomers 2 didnt know what it wanted to do,-1.2000000476837158,-1.4960083961486816,0,0,2,2
etzxEpPuc6I[7],like in some parts you had people getting killed and the next part you had fart jokes and stupid frat humor and all that other crap,-1.0,-1.4094220399856567,0,0,2,2
etzxEpPuc6I[8],as for gi joe was it was just like laughing its the the plot the the acting is terrible,-2.799999952316284,-1.482396125793457,0,0,0,2
etzxEpPuc6I[9],the plot is ridiculous but no one took it seriously,-1.399999976158142,-1.4862403869628906,0,0,2,2
etzxEpPuc6I[10],like like even the actors were just like you know its a movie about a fucking toy,-1.600000023841858,-1.260068416595459,0,0,1,2
etzxEpPuc6I[11],laughing so theyre just sitting there,0.6666666865348816,-1.2708696126937866,1,0,4,2
etzxEpPuc6I[12],like this one part where the girls like my daddy taught me to win win and then shes looking in the camera and im like wow like um this actings pretty bad,-2.200000047683716,-1.437239170074463,0,0,1,2
etzxEpPuc6I[13],but the they they knew it was just a movie about a a a a doll so they didnt take it seriously,-1.2000000476837158,-1.4118099212646484,0,0,2,2
etzxEpPuc6I[14],like knowing is half the battle,0.20000000298023224,-0.8583709001541138,1,0,3,2
etzxEpPuc6I[15],but the movie was well it was ridiculously terrible,-2.4000000953674316,-1.4850554466247559,0,0,1,2
etzxEpPuc6I[16],like it was like the acting was terrible the action made up for it,-0.4000000059604645,-1.4784456491470337,0,0,3,2
etzxEpPuc6I[17],there was parts this ive seen some creative depths in this movie ive never seen before,1.399999976158142,1.5118911266326904,1,1,4,5
etzxEpPuc6I[18],ive seen people get shot in the eye you know and that would be it but people getting shot in the eye and then the they heads explode and then some dude get his torso cut open and and some dudes hanging out of the car his head got blown off and freaking people are flying and jumping,-0.5,-1.4420431852340698,0,0,3,2
f9O3YtZ2VfI[0],what whatever the name is too long,-1.2000000476837158,-0.19101636111736298,0,0,2,3
f9O3YtZ2VfI[1],its a very interesting idea,1.25,1.5792235136032104,1,1,4,5
f9O3YtZ2VfI[2],and its they looked like it had a good core,0.6000000238418579,0.9161553382873535,1,1,4,4
f9O3YtZ2VfI[3],but hm it just too many problems with it,-2.4000000953674316,-1.4841976165771484,0,0,1,2
f9O3YtZ2VfI[4],the first problem is that its all told in flashback from a point just before katrina hits new orleans,-1.7999999523162842,-1.2067339420318604,0,0,1,2
f9O3YtZ2VfI[5],i didnt need any of that crap,-2.5999999046325684,-1.1733899116516113,0,0,0,2
f9O3YtZ2VfI[6],i dont need it all told in flashback,-1.2000000476837158,-1.2414038181304932,0,0,2,2
f9O3YtZ2VfI[7],i dont need the added element of katrina,-1.7999999523162842,-1.4774816036224365,0,0,1,2
f9O3YtZ2VfI[8],it dosent it just its too much crap in here,-2.200000047683716,-1.4841322898864746,0,0,1,2
f9O3YtZ2VfI[9],the the movies is too long,-2.0,-0.38873162865638733,0,0,1,3
f9O3YtZ2VfI[10],they just need to cut that out,-0.800000011920929,-1.446258306503296,0,0,2,2
f9O3YtZ2VfI[11],another thing is we dont need his entire life,-1.7999999523162842,-1.4574083089828491,0,0,1,2
f9O3YtZ2VfI[12],th we do not need the entire span birth to death,-1.600000023841858,-0.5795736312866211,0,0,1,2
f9O3YtZ2VfI[13],just give me a nice interesting choke,1.2000000476837158,1.2790772914886475,1,1,4,4
f9O3YtZ2VfI[14],and scale it down on like two hours,-1.2000000476837158,0.4849475920200348,0,1,2,3
f9O3YtZ2VfI[15],this also falls in to the trandy is very popular these days if you do a whole all of cgi um,-1.0,1.5872761011123657,0,1,2,5
f9O3YtZ2VfI[16],of cgi um and if youre gonna do mostly cgi just make an animated movie,-2.0,-0.09438735991716385,0,0,1,3
f9O3YtZ2VfI[17],this looks like it just has a polyurethane coating on it,-1.0,-1.265884518623352,0,0,2,2
f9O3YtZ2VfI[18],makes him look too too good,-0.6000000238418579,-0.9826641082763672,0,0,2,2
f9O3YtZ2VfI[19],but dont get me wrong its not all bad,-0.4000000059604645,-0.3788800537586212,0,0,3,3
f9O3YtZ2VfI[20],its got my two favorite acresses in it tilda swinton and cate blanchett,2.0,1.5784099102020264,1,1,5,5
f9O3YtZ2VfI[21],like i said before is a very interesting idea,1.399999976158142,1.5650982856750488,1,1,4,5
f9O3YtZ2VfI[22],and they did a lot of good things with it,1.600000023841858,1.5852746963500977,1,1,5,5
f9O3YtZ2VfI[23],but its its like someone made you a kick ass sandwich but they put mayonnaise on it and you dont like mayonnaise and its not like tomato or lettuce where you can pick it off no its got it mayonnaise in its all over everything and now youre stuck with this kick ass sandwich that would be kick ass if it didnt have mayonnaise on it but it has mayonnaise on it or you go make another sandwich go make another sandwich,-2.5999999046325684,-0.9847986698150635,0,0,0,2
f9O3YtZ2VfI[24],this movie is just not quite good enough,-1.399999976158142,-1.4600815773010254,0,0,2,2
f9O3YtZ2VfI[25],i really liked david finch,1.399999976158142,1.5994415283203125,1,1,4,5
f9O3YtZ2VfI[26],i liked all the um i like the cast,1.600000023841858,1.5969384908676147,1,1,5,5
f9O3YtZ2VfI[27],but and its a good story,1.2000000476837158,1.6018099784851074,1,1,4,5
f9O3YtZ2VfI[28],but clap huh its a pass,-2.0,0.6100358963012695,0,1,1,4
f9O3YtZ2VfI[29],my neighbor probably thinks im crazy yelling about movies to a camera,-1.0,-1.0750421285629272,0,0,2,2
f_pcplsH_V0[0],so you better appreciate this review,0.25,1.582840919494629,1,1,3,5
f_pcplsH_V0[1],but to any of you who are i expect a thumbs up,1.399999976158142,1.5346035957336426,1,1,4,5
f_pcplsH_V0[2],theyre back to you having two killers thankfully,0.800000011920929,0.4032742977142334,1,1,4,3
f_pcplsH_V0[3],because it does make a lot more sense having the killer be able to be everywhere if theres two of them,0.5,-0.6527326107025146,1,0,3,2
f_pcplsH_V0[4],hmph my overall opinion of the results of this process are its better than scream 3 and,1.2000000476837158,1.583265781402588,1,1,4,5
f_pcplsH_V0[5],3 and actually is better than scream 2 a,1.600000023841858,1.4732542037963867,1,1,5,4
f_pcplsH_V0[6],2 a lot of people dont like scream 2 i,0.0,-1.3947758674621582,1,0,3,2
f_pcplsH_V0[7],2 i think its highly underrated,0.800000011920929,1.593949794769287,1,1,4,5
f_pcplsH_V0[8],i hated scream 3 but,-2.4000000953674316,-1.368605375289917,0,0,1,2
f_pcplsH_V0[9],scream 3 but i think this one did beat scream 2 now,1.2000000476837158,1.2835613489151,1,1,4,4
f_pcplsH_V0[10],now i didnt really like the first hour that much though,-0.4000000059604645,-1.4973053932189941,0,0,3,2
f_pcplsH_V0[11],im sure you all remember the stab movies that were based on the scream movies or the experiences of sidney in universe so that people could comment on the killers reenacting the movies or following up the movies well in the first hour those become way way way too much of a plot point basically,-0.800000011920929,-1.5023002624511719,0,0,2,1
f_pcplsH_V0[12],i think xxx i want to see it,1.600000023841858,1.5913469791412354,1,1,5,5
f_pcplsH_V0[13],but it actually basically makes the characters congition not just of the genre within which they are in but of their own franchise to a ridiculous extent,-1.0,-1.3919899463653564,0,0,2,2
f_pcplsH_V0[14],im just kinda like no this is going to far,-1.0,-0.9751697182655334,0,0,2,2
fvVhgmXxadc[0],it only had the potential to be a film that was both provking and action packed,-0.4000000059604645,-0.5054712295532227,0,0,3,2
fvVhgmXxadc[1],but unfortunately its just an ugly wild violent unvolving and sadistic exercise,-2.799999952316284,-1.07865571975708,0,0,0,2
fvVhgmXxadc[2],that i got very little joy out of,-2.200000047683716,-1.4667857885360718,0,0,1,2
fvVhgmXxadc[3],in fact i got mostly pain out of it,-2.799999952316284,-1.4553649425506592,0,0,0,2
fvVhgmXxadc[4],thats pretty heavily inferred in the opening sequence,0.0,0.026453079655766487,1,1,3,3
fvVhgmXxadc[5],when she gets there is forced to not only be trapped in the vocation that she obviously doesnt wanna be in,-0.20000000298023224,-1.4510301351547241,0,0,3,2
fvVhgmXxadc[6],now it also takes so really creepy xxxof the fact that emily browning in this movie looks like shes underage,-1.0,-1.3814290761947632,0,0,2,2
fvVhgmXxadc[7],but i dont know,-0.5,-1.3924281597137451,0,0,3,2
fvVhgmXxadc[8],that kind of looks like video game in a certain wayin fact,-0.4000000059604645,-0.2969784438610077,0,0,3,3
fvVhgmXxadc[9],the first time she goes in it looks like a japanese temple,0.0,-0.3590995967388153,1,0,3,3
fvVhgmXxadc[10],and later time she goes like a world war ii battlefield um castle this kind of pulled out of lord of the rings,-0.20000000298023224,-0.3475061357021332,0,0,3,3
fvVhgmXxadc[11],whats in her mind within her mind in a way its kind of like inception in that wayits kind,0.0,-0.21165621280670166,1,0,3,3
fvVhgmXxadc[12],of playing with the idea whats real whats not what the matrix films did,0.20000000298023224,-0.36790022253990173,1,0,3,3
fvVhgmXxadc[13],although actually the best comparison this is this film would actually be something like pans labyrinth,0.0,-0.35189375281333923,1,0,3,3
iiK8YX8oH1E[0],its one of those romantic comedies that we all dread,-2.5999999046325684,-1.4779860973358154,0,0,0,2
iiK8YX8oH1E[1],now the real star of something borrowed is ginnifer goodwin,1.2000000476837158,1.5685938596725464,1,1,4,5
iiK8YX8oH1E[2],kind of yells and screams through the whole movie,-1.25,-0.7526792883872986,0,0,2,2
iiK8YX8oH1E[3],and if you can tolerate her the rest of the movie isnt any batter,-2.0,-1.4323874711990356,0,0,1,2
iiK8YX8oH1E[4],um it kind of follows the path of my best friends wedding 1997 julia roberts movie except it takes thirty minutes longer to deviate from the scripts of my best friends wedding,-0.4000000059604645,-0.5243725776672363,0,0,3,2
iiK8YX8oH1E[5],there are some funny moments,0.20000000298023224,1.6003077030181885,1,1,3,5
iiK8YX8oH1E[6],but mostly its just kate hudson being very annoying,-1.600000023841858,-1.4996042251586914,0,0,1,2
iiK8YX8oH1E[7],and i think its predictable up an to a point,-1.0,-0.6898650527000427,0,0,2,2
iiK8YX8oH1E[8],i think with with these kind of movies we kind of predict,0.4000000059604645,0.6639358997344971,1,1,3,4
iiK8YX8oH1E[9],and we second guess ourselves,0.0,-0.4582808017730713,1,0,3,3
iiK8YX8oH1E[10],so i will give it points for not being exactly like my best friends wedding even at the trailer sets it up that way,1.0,-1.2001018524169922,1,0,4,2
iiK8YX8oH1E[11],ginnifer goodwin is fun to watch,1.7999999523162842,1.5829029083251953,1,1,5,5
iiK8YX8oH1E[12],but i dont think shes leading material,-2.0,-1.4669642448425293,0,0,1,2
iiK8YX8oH1E[13],and like i said kate hudson couldnt be more annoying here,-1.2000000476837158,-1.4361999034881592,0,0,2,2
iiK8YX8oH1E[14],if there is any silverlining in this movie its john krasinski,0.6000000238418579,1.5298333168029785,1,1,4,5
iiK8YX8oH1E[15],who i dont usually like,0.0,-1.271911859512329,1,0,3,2
iiK8YX8oH1E[16],but he has some of the funniest scenes in this movie,1.600000023841858,1.605069637298584,1,1,5,5
iiK8YX8oH1E[17],he seems to be the only realistic character here,-1.0,-1.3764963150024414,0,0,2,2
jUzDDGyPkXU[0],the action is fucking awesome,2.799999952316284,1.5959956645965576,1,1,6,5
jUzDDGyPkXU[1],the action is really really well directed,2.5999999046325684,1.5973262786865234,1,1,6,5
jUzDDGyPkXU[2],its very reminscent of district 9,0.0,1.012265682220459,1,1,3,4
jUzDDGyPkXU[3],like someone watched the third act of district 9 a bunch of times like lets make this into an entire movie itll be awesome and thats pretty much what they did here,-1.600000023841858,0.9234884977340698,0,1,1,4
jUzDDGyPkXU[4],but it didnt turn out quite nearly as awesome as that movie did,-1.2000000476837158,-1.4994087219238281,0,0,2,2
jUzDDGyPkXU[5],in fact this movie isnt even on the same level as district 9 nor is it um for uh black hawk down which people are comparing it to,-1.600000023841858,-1.4666194915771484,0,0,1,2
jUzDDGyPkXU[6],i didnt really see a comparison to black hawk down until like the very very end,-0.6000000238418579,-0.9546457529067993,0,0,2,2
jUzDDGyPkXU[7],but nevertheless another really cool thing about this movie,1.7999999523162842,1.5920310020446777,1,1,5,5
jUzDDGyPkXU[8],the aliens are really awesome,2.799999952316284,1.5849820375442505,1,1,6,5
jUzDDGyPkXU[9],they designed the aliens in a really cool unique way to make them like biotic but also mechanical,2.4000000953674316,1.6025910377502441,1,1,5,5
jUzDDGyPkXU[10],and they have really cool technology thats really interesting to watch like make them blow up shit and you know,2.4000000953674316,1.5984442234039307,1,1,5,5
jUzDDGyPkXU[11],and they always like pull out something new,0.5,0.19866371154785156,1,1,3,3
jUzDDGyPkXU[12],but its not always quite explained you know like everything about the aliens,-0.6000000238418579,-0.44832664728164673,0,0,2,3
jUzDDGyPkXU[13],but they give you a good amount of information about them,0.800000011920929,0.9367790222167969,1,1,4,4
jUzDDGyPkXU[14],like enough that it actually is a good reason why they why theyre attacking,1.3333333730697632,-0.11878178268671036,1,0,4,3
jUzDDGyPkXU[15],and it keeps your interests in the action scenes at least during this movie,1.2000000476837158,1.1047180891036987,1,1,4,4
jUzDDGyPkXU[16],uh the dialogue is terrible,-2.799999952316284,-1.483466625213623,0,0,0,2
jUzDDGyPkXU[17],there is no good dialogue,-2.4000000953674316,-1.4513840675354004,0,0,1,2
jUzDDGyPkXU[18],nothing in this movie is cleverly written,2.200000047683716,-1.4475421905517578,1,0,5,2
jUzDDGyPkXU[19],everything they say just sounds so fucking stupid,-2.200000047683716,-1.4863953590393066,0,0,1,2
jUzDDGyPkXU[20],the only actor who can really sell their lines is erin eckart,-1.0,-1.0877532958984375,0,0,2,2
jUzDDGyPkXU[21],there are moments where he says something youre like that just sounded dumb as hell,-2.4000000953674316,-1.4546339511871338,0,0,1,2
jUzDDGyPkXU[22],but he totally sells it,1.2000000476837158,0.5280893445014954,1,1,4,4
jUzDDGyPkXU[23],but i kinda would have read that been like hm i mean schwarzanegger never said anything really that badass in his movies,-1.0,-1.1282544136047363,0,0,2,2
jUzDDGyPkXU[24],but arite and moving on theres no character development in this movie none,-2.0,-1.4838364124298096,0,0,1,2
jUzDDGyPkXU[25],well i can tell you right now i dont remember the names of any characters none of them were memborable and,-2.0,-1.2187079191207886,0,0,1,2
jUzDDGyPkXU[26],and they were all just really bland and forgettable,-2.0,-1.500044822692871,0,0,1,1
k5Y_838nuGo[0],which i was not excited to see,-1.600000023841858,-1.4856297969818115,0,0,1,2
k5Y_838nuGo[1],and it actually surprised me,1.2000000476837158,-0.7914334535598755,1,0,4,2
k5Y_838nuGo[2],and i have to admit i i like shrek i do,0.800000011920929,1.5887062549591064,1,1,4,5
k5Y_838nuGo[3],i like the first two shreks quite a bit,1.0,1.5772433280944824,1,1,4,5
k5Y_838nuGo[4],um theyve become quite a bit overrated,-1.3333333730697632,-1.5060449838638306,0,0,2,1
k5Y_838nuGo[5],but the first two were pretty excellent,2.0,1.58372163772583,1,1,5,5
k5Y_838nuGo[6],the third one was a piece of crap,-2.4000000953674316,-1.4929310083389282,0,0,1,2
k5Y_838nuGo[7],and thats why i was not excited about the fourth one,-1.399999976158142,-1.4308032989501953,0,0,2,2
k5Y_838nuGo[8],um which actually was really good,1.7999999523162842,1.586632251739502,1,1,5,5
k5Y_838nuGo[9],i did like the fourth one quite a bit,2.0,1.5889620780944824,1,1,5,5
k5Y_838nuGo[10],um i i did enjoy it,0.5,1.5976805686950684,1,1,3,5
k5Y_838nuGo[11],it reminded me of the first one had the same kind of vibe like the first one,0.20000000298023224,1.2862637042999268,1,1,3,4
k5Y_838nuGo[12],and it just was better,0.6000000238418579,-1.0786521434783936,1,0,4,2
k5Y_838nuGo[13],maybe its the baby ogres maybe bringing in the baby ogres really brought it down,-1.7999999523162842,-1.4696731567382812,0,0,1,2
k5Y_838nuGo[14],coz the first two were great and they brought in the kids and it made it more kiddy friendly movie,-0.800000011920929,1.5891644954681396,0,1,2,5
k5Y_838nuGo[15],the first two were kid movies,0.25,0.10386247932910919,1,1,3,3
k5Y_838nuGo[16],but they were had adult humour i,0.800000011920929,1.5808451175689697,1,1,4,5
k5Y_838nuGo[17],humour i though that adults would appreciate,0.4000000059604645,1.5579938888549805,1,1,3,5
k5Y_838nuGo[18],and would go over the kids heads and this is what the fourth one kind of has,-0.6000000238418579,0.3893224596977234,0,1,2,3
k5Y_838nuGo[19],the third one was more kid humour though,0.4000000059604645,1.5617362260818481,1,1,3,5
k5Y_838nuGo[20],it didnt have that much adult humour in it,-0.20000000298023224,-1.4831746816635132,0,0,3,2
k5Y_838nuGo[21],um yeah the fourth one it does have kid humour definatelly its,0.4000000059604645,1.573645830154419,1,1,3,5
k5Y_838nuGo[22],humour definatelly its a kids movie,-0.20000000298023224,0.7690958380699158,0,1,3,4
k5Y_838nuGo[23],but it does have some adult humour those,0.6000000238418579,1.552525281906128,1,1,4,5
k5Y_838nuGo[24],humour those are quote in this movie that sounded so dirty coming out,-0.20000000298023224,-1.4903312921524048,0,0,3,2
k5Y_838nuGo[25],but it as great,2.0,1.5855443477630615,1,1,5,5
k5Y_838nuGo[26],something about waffle hole am i the only one am i perverted not to think that that sounds dirty coz it totally does waffle hole,-0.800000011920929,0.1544952094554901,0,1,2,3
k5Y_838nuGo[27],it had me laughing out loud,2.0,1.5930191278457642,1,1,5,5
k5Y_838nuGo[28],and i dont think that many other people were laughing about it,-0.75,-0.49194246530532837,0,0,2,3
k5Y_838nuGo[29],um yeah its its better than the third one absolutely,1.600000023841858,1.4064536094665527,1,1,5,4
k5Y_838nuGo[30],3d because my one of my cousins doesnt like the glasses,-1.0,-1.4835128784179688,0,0,2,2
lXPQBPVc5Cw[0],yes when you hear johnny depp you think uh this movie has to be good,0.20000000298023224,1.1973050832748413,1,1,3,4
lXPQBPVc5Cw[1],im not going to lie to you it wasnt good,-2.200000047683716,-1.489919900894165,0,0,1,2
lXPQBPVc5Cw[2],it was really boring to me,-2.4000000953674316,-1.4795610904693604,0,0,1,2
lXPQBPVc5Cw[3],chuckling i mean and i dont actually go and im not being biased because i dont really go for the animated type films,-1.2000000476837158,-1.0069196224212646,0,0,2,2
lXPQBPVc5Cw[4],i go for like the more oldies type type films i guess like the older pixar films like toy story and all that stuff,-1.0,0.10725108534097672,0,1,2,3
lXPQBPVc5Cw[5],um but this one was uh i dont know i mean the story was there but sigh i dont know,-1.399999976158142,-1.4413554668426514,0,0,2,2
lXPQBPVc5Cw[6],laughing you know a movies terrible when a person trying to review it doesnt even know what to say but i dont know this movie was,-2.799999952316284,-1.4517381191253662,0,0,0,2
lXPQBPVc5Cw[7],uh johnny depp doing the voice was fantastic,2.5999999046325684,1.5994997024536133,1,1,6,5
lXPQBPVc5Cw[8],but it was just it was like im not gonna even lie to you guys i fell asleep around the middle of it and woke up like what just happened,-2.5999999046325684,-1.4930274486541748,0,0,0,2
lXPQBPVc5Cw[9],um its one of those movies where most of the funny parts are in the commercial you know youve seen the commercial so many times that that part isnt even funny anymore and then youre wondering where the hell is the rest of it,-2.200000047683716,-1.4983751773834229,0,0,1,2
lXPQBPVc5Cw[10],it wasnt there,-1.7999999523162842,-1.473491907119751,0,0,1,2
lXPQBPVc5Cw[11],it just wasnt it di did not work for me,-2.0,-1.481160283088684,0,0,1,2
lXPQBPVc5Cw[12],the voice acting was phenomenal,2.799999952316284,1.5968793630599976,1,1,6,5
lXPQBPVc5Cw[13],but the the actual story line was just terrible,-2.200000047683716,-1.4766976833343506,0,0,1,2
lXPQBPVc5Cw[14],it was so bad i just did not enjoy it,-2.799999952316284,-1.4450510740280151,0,0,0,2
lXPQBPVc5Cw[15],uh i will i will actually say this right now it was a good waste of like 12 im,0.20000000298023224,-1.4973227977752686,1,0,3,2
lXPQBPVc5Cw[16],12 im not even kidding i went with a bunch of friends and a movies supposed to be ten times better when youre with a bunch of friends,-1.7999999523162842,-0.4018760025501251,0,0,1,3
lXPQBPVc5Cw[17],and uh my friend next to me fell asleep,-1.399999976158142,-1.3909029960632324,0,0,2,2
lXPQBPVc5Cw[18],and the two others were just bored,-1.7999999523162842,-1.4942560195922852,0,0,1,2
lXPQBPVc5Cw[19],um yeah so we were out for most of it we were talking about i was texting i just like i had absolutely the film had no draw to me,-1.7999999523162842,-1.501215934753418,0,0,1,1
lXPQBPVc5Cw[20],the beginning started off great with a couple good jokes,1.7999999523162842,1.567079782485962,1,1,5,5
lXPQBPVc5Cw[21],and really funny uh animation stuff it was great really funny,2.5999999046325684,1.591487169265747,1,1,6,5
lXPQBPVc5Cw[22],um and then towards the middle it was like what is going on,-2.4000000953674316,-0.6985738277435303,0,0,1,2
lXPQBPVc5Cw[23],like i dont understand,-1.399999976158142,-1.4922668933868408,0,0,2,2
lXPQBPVc5Cw[24],like i i actually felt myself checking the time cuz i was like when is this movie going to end,-2.4000000953674316,-1.1310611963272095,0,0,1,2
lXPQBPVc5Cw[25],i do not wanna see any more of this,-2.799999952316284,-1.4698864221572876,0,0,0,2
lXPQBPVc5Cw[26],and i tell i couldnt get out of that movie theatre fast enough,-2.799999952316284,-1.4979838132858276,0,0,0,2
lXPQBPVc5Cw[27],um in general um the little kids seemed to like it that were in there,0.800000011920929,1.425713062286377,1,1,4,4
lXPQBPVc5Cw[28],but the adults were the adults that were actually attempting to watch it and the people who were my age as well were like what did i just see,-1.2000000476837158,-1.4556435346603394,0,0,2,2
nbWiPyCm4g0[0],city 2 and let me tell you it surpassed itself,1.2000000476837158,1.070238709449768,1,1,4,4
nbWiPyCm4g0[1],it reached the new hights of horrendous,-2.4000000953674316,1.5911996364593506,0,1,1,5
nbWiPyCm4g0[2],this movie isnt just bad its diabolical,-1.7999999523162842,-0.9828124642372131,0,0,1,2
nbWiPyCm4g0[3],first let me just say i saw quite a few guys at the cinema who clearly been dragged there by the girlfriends and to those guys i say would you like me to sew your balls back on for you,-2.200000047683716,-1.1144368648529053,0,0,1,2
nbWiPyCm4g0[4],also if youre a streight man and you voluntarily willingly goo and see this film im gonna need you to light a candle say a prayer and ask yourself some questions,-1.399999976158142,-0.3696935474872589,0,0,2,3
nbWiPyCm4g0[5],this is really just a continuation of the first film,0.0,-0.556855320930481,1,0,3,2
nbWiPyCm4g0[6],where the problem with that lies not entirely sure,-1.2000000476837158,-0.6186507940292358,0,0,2,2
nbWiPyCm4g0[7],diddums let me see if i can rustle up some symphaty yeah ive got nothing,-2.200000047683716,-1.44315505027771,0,0,1,2
nbWiPyCm4g0[8],i dont know if charlotte started on made me never want to have kids or never want to have rich friends,-1.399999976158142,-0.8111368417739868,0,0,2,2
nbWiPyCm4g0[9],miranda miranda was always one of the best characters,1.2000000476837158,1.6009072065353394,1,1,4,5
nzpVDcQ0ywM[0],and he really seems to be channeling michael bay in this movie,0.0,0.8610824346542358,1,1,3,4
nzpVDcQ0ywM[1],the plot has the consistency of swiss cheese,-1.600000023841858,0.6875821352005005,0,1,1,4
nzpVDcQ0ywM[2],and its really glossed over with lots of stunning special effects and big explosions,0.800000011920929,1.5952563285827637,1,1,4,5
nzpVDcQ0ywM[3],sigh all in all its kind of a disappointment to any of us who grew up in the 80s and are used to the toys in the cartoon,-1.600000023841858,-1.4818971157073975,0,0,1,2
nzpVDcQ0ywM[4],i feel like it almost should have had a g rating,-0.4000000059604645,-0.7218647599220276,0,0,3,2
nzpVDcQ0ywM[5],it was really kind of dumb down for us,-1.399999976158142,-1.4713547229766846,0,0,2,2
nzpVDcQ0ywM[6],and i hate to say that,-1.0,-1.2871429920196533,0,0,2,2
nzpVDcQ0ywM[7],i think you will really love this movie if you are 8 but,2.0,1.5916666984558105,1,1,5,5
nzpVDcQ0ywM[8],8 but if you are a child who grew up in that time period youre not going to enjoy this movie very much,-2.200000047683716,-1.48686683177948,0,0,1,2
nzpVDcQ0ywM[9],because they arent playing to you theyre playing to a new audience of kids who dont know anything about these characters in the first place,-1.0,-1.3822460174560547,0,0,2,2
nzpVDcQ0ywM[10],and all i can is hes a pretty average guy,0.0,-1.189986228942871,1,0,3,2
nzpVDcQ0ywM[11],i dont really feel any emotional pull from him in this movie,-1.399999976158142,-1.463922381401062,0,0,2,2
nzpVDcQ0ywM[12],marlon wayans kind of plays a watered down version of himself from other movies,-1.0,-0.1043415293097496,0,0,2,3
nzpVDcQ0ywM[13],he does some stereotypical things like talking uh about busting a cap while flying an airplane,0.20000000298023224,-1.248999834060669,1,0,3,2
nzpVDcQ0ywM[14],and hes pretty average too,-0.6000000238418579,-0.6687237024307251,0,0,2,2
nzpVDcQ0ywM[15],the two women in this movie are particularly good looking,1.399999976158142,1.5718225240707397,1,1,4,5
nzpVDcQ0ywM[16],and so thats pretty entertaining,1.600000023841858,1.5948801040649414,1,1,5,5
nzpVDcQ0ywM[17],this is a really big movie for their careers because i havent really seen them in a lot of big movies,1.2000000476837158,1.5953975915908813,1,1,4,5
nzpVDcQ0ywM[18],and his performance is campy and comes off as an army cheerleader some of the time,-2.0,1.5787290334701538,0,1,1,5
nzpVDcQ0ywM[19],he is average,0.20000000298023224,0.4706161320209503,1,1,3,3
nzpVDcQ0ywM[20],and its sh so short lived he barely needs to even be there,-1.399999976158142,-1.5030628442764282,0,0,2,1
nzpVDcQ0ywM[21],uh stormshadow is very cool,2.0,1.578286051750183,1,1,5,5
nzpVDcQ0ywM[22],his fight sequences are very neat,2.0,1.594093680381775,1,1,5,5
nzpVDcQ0ywM[23],and he delivers a lot of intensity,1.600000023841858,1.6007527112960815,1,1,5,5
ob23OKe5a9Q[0],but it was a good movie,1.2000000476837158,1.5817726850509644,1,1,4,5
ob23OKe5a9Q[1],id give it three stars,1.0,1.5631403923034668,1,1,4,5
ob23OKe5a9Q[2],only because it was very predictable very predictable,-1.2000000476837158,-1.5013272762298584,0,0,2,1
ob23OKe5a9Q[3],but very predictable,-1.5,-1.4507086277008057,0,0,1,2
ob23OKe5a9Q[4],that um i guess the only other problem i had with it was that um the jokes were really cheesy,-1.7999999523162842,-1.4929606914520264,0,0,1,2
ob23OKe5a9Q[5],i dont like cheesy jokes but cheesy jokes are most times funny cuz theyre really bad,0.0,-1.474076271057129,1,0,3,2
ob23OKe5a9Q[6],so if thats the case then you should see this movie if you really like cheesy jokes predictable movies but other than that it was a perfect family movie,0.6000000238418579,1.5943653583526611,1,1,4,5
ob23OKe5a9Q[7],i would definitely take 8 or younger kids to that movie its a definite family movie,0.6000000238418579,1.5759222507476807,1,1,4,5
ob23OKe5a9Q[8],beyond this age the problem i had with the movie theatre is there were kids crying the whole time and whispering xxx does baby crying get on your nerves ever if it does wouldnt recommend going to this movie cuz theres a bunch of kids or sneak into a really late showing cuz i dont think kids are going to be out that late but thats the only problem i had with it,-1.399999976158142,-1.5046749114990234,0,0,2,1
ob23OKe5a9Q[9],other than that it was a good movie,1.25,1.57313871383667,1,1,4,5
ob23OKe5a9Q[10],it was cute you know the actors did a great job bringing the smurfs to life such as joe george lopez neil patrick harris katy perry and a fourth,0.800000011920929,1.6049745082855225,1,1,4,5
ob23OKe5a9Q[11],it was a great movie and i loved it,2.799999952316284,1.6012451648712158,1,1,6,5
ob23OKe5a9Q[12],but i had a few problems so i didnt love it i liked it,1.25,1.5851571559906006,1,1,4,5
ob23OKe5a9Q[13],three stars for smurfs and stay smurfy everyone,0.800000011920929,1.6008620262145996,1,1,4,5
pLTX3ipuDJI[0],nothing new is brought in those predator series no surprises no big twist no finish,-2.4000000953674316,-1.4332671165466309,0,0,1,2
pLTX3ipuDJI[1],i like to tease some mystery and great plot what couldve been but than all is explained and disppeares ten minutes later its just a clear remake of predator from back in 1997 with the premise being almost identical,-1.7999999523162842,1.4502084255218506,0,1,1,4
pLTX3ipuDJI[2],althought what wasnt the same was the connection to each other which first movie had and this one not,-1.2000000476837158,-0.4593784809112549,0,0,2,3
pLTX3ipuDJI[3],in the first run they were a team and they worked together and you see the personalites this movie just pops a group of different killers down together and lets them interact poorly,-2.200000047683716,-1.4720640182495117,0,0,1,2
pLTX3ipuDJI[4],you dont see any of the personalities when one dies you dont mourn over tham an you dont get an attachment to anybody,-2.0,-1.3988792896270752,0,0,1,2
pLTX3ipuDJI[5],of the acting nothing stands out a spectacular which is to be expected of the movie like this,-1.399999976158142,-1.4646670818328857,0,0,2,2
pLTX3ipuDJI[6],but nothing sucks either which gains the movie some points i guess,0.800000011920929,0.3474453091621399,1,1,4,3
pLTX3ipuDJI[7],what disappointed me was that one of the most hyped actors in the movie was only in there for short amount of time,-2.0,-1.5005645751953125,0,0,1,1
pLTX3ipuDJI[8],and i know you cant hype a movie with an unknown actors so even if someone is in there for a few minutes you should hype them,0.0,-0.3394804298877716,1,0,3,3
pLTX3ipuDJI[9],but its just a little weak overall for me than we were looking forward to him and he was gone quickly,-1.600000023841858,-1.2742624282836914,0,0,1,2
pLTX3ipuDJI[10],although what it did do was interesting but i but it didnt make sense,0.6000000238418579,-1.4721038341522217,1,0,4,2
pLTX3ipuDJI[11],he co laurence fishburne comes in and tells the characters things that only screen writers shouldve known about which gives a little more of f fony feel this whole thing,-2.0,-0.10807602852582932,0,0,1,3
pLTX3ipuDJI[12],just like one of the girls tells the exact story of the first movie,-1.399999976158142,-0.047448188066482544,0,0,2,3
pLTX3ipuDJI[13],its a pointless scene for the audience and the characters,-2.0,-1.4899086952209473,0,0,1,2
pLTX3ipuDJI[14],it dosent give an give any insight or help its just make them seem like she sa she saw the first movie,-1.399999976158142,-0.06377310305833817,0,0,2,3
pLTX3ipuDJI[15],in finale i would only recommend this movie for a rental non in theater because its a low grade sequal to the 87th version and only if you like the series,-1.600000023841858,-1.5070078372955322,0,0,1,1
phBUpBr1hSo[0],3 i went to this movie very very excited,1.399999976158142,1.5799167156219482,1,1,4,5
phBUpBr1hSo[1],im a big transformers fan,2.200000047683716,1.597772240638733,1,1,5,5
phBUpBr1hSo[2],i think um the movies are phenomenal especially that first one,2.799999952316284,1.5986438989639282,1,1,6,5
phBUpBr1hSo[3],um i dont think that this ove got as much buzz and as much um media attention and um word of mouth you know spreading around and stuff,-0.800000011920929,-1.4891561269760132,0,0,2,2
phBUpBr1hSo[4],um in interviews shia labeouf said that the second movie lacked um heart,-1.399999976158142,-1.4764151573181152,0,0,2,2
phBUpBr1hSo[5],and he said that this new one has a lot of heart um similar to the first one,1.600000023841858,1.413388729095459,1,1,5,4
phBUpBr1hSo[6],um after watching this movie i dont really think thats necessarily true um i think that the second movie and the third movie are very very similar um i think they tried to add a lot of heart,-1.0,-1.3507835865020752,0,0,2,2
phBUpBr1hSo[7],and it just seems like too much too fast i mean theyre already telling each other that love each other and talking about getting wedding rings spending the rest of their lives together they live together i mean its just way too much too fast they try to built their heart into it by you know him saying you know youre the only thing that matters in this world you know i dont care about myself you know coz she thinks hes doing crazy stuff sacrifizing his life in a then he does crazy stuff to save her and hes just like i love you you know just all the sappy blah blah stuff,-2.200000047683716,-1.4466643333435059,0,0,1,2
phBUpBr1hSo[8],theres too much too fast i mean we basically just get introduced to this character and you know right away um this is the first movie shes in and theyre already um you know um meant to be together forever and all that good slushy stuff,-2.0,-0.1619546115398407,0,0,1,3
phBUpBr1hSo[9],this movie seemed um a little long,-1.399999976158142,-0.6142996549606323,0,0,2,2
phBUpBr1hSo[10],i love my movies to be long,2.0,1.5897307395935059,1,1,5,5
phBUpBr1hSo[11],i dont think a movie can ever be too long um you know i like you know the dark night was you know two hours and forty five minutes you know and titanic you know all those movies a avatar all those movies that you know three hours and you know thats fine by me i love long movies,1.7999999523162842,0.11939731985330582,1,1,5,3
phBUpBr1hSo[12],um im passionate about movies so thats fine,0.800000011920929,1.122292160987854,1,1,4,4
phBUpBr1hSo[13],but this one seemed long at some at some parts,-1.2000000476837158,-0.04141583293676376,0,0,2,3
phBUpBr1hSo[14],some parts just kind of dragged on you kind of you know sit in the movie theater and this is a big action movie one of the biggest movies of the summer and you kind of just wanted to you know rest your head while watched um coz some of the sequences and some of the scenes were just kind of long,-2.200000047683716,-1.2812007665634155,0,0,1,2
phBUpBr1hSo[15],and you just kind of like ok lets get to it we know whats gonna happen lets go ahead and do it,-1.600000023841858,1.0377662181854248,0,1,1,4
phBUpBr1hSo[16],um the action was great you know not too much not too little just um just enough action,2.0,1.5957605838775635,1,1,5,5
phBUpBr1hSo[17],um the story was all right,0.800000011920929,0.7890973687171936,1,1,4,4
phBUpBr1hSo[18],but pretty good script,2.0,1.5939545631408691,1,1,5,5
phBUpBr1hSo[19],i dont think it was as good as the first one obviously i i think the first movie was just fantastic,-1.25,1.57200026512146,0,1,2,5
phBUpBr1hSo[20],um maybe im part with the second one maybe im little behind that but it was it was pretty good story,0.800000011920929,1.5921270847320557,1,1,4,5
rnaNMUZpvvg[0],the verdict is stupid and a complete waste of money,-2.5999999046325684,-1.489730715751648,0,0,0,2
rnaNMUZpvvg[1],but it was a fun experience going,2.25,1.5914983749389648,1,1,5,5
rnaNMUZpvvg[2],like i didnt expect it to be good,-0.800000011920929,-0.5582437515258789,0,0,2,2
rnaNMUZpvvg[3],but its just such a waste of money for them like when i see the movie thats obviously had a very big budget and it is like not even good it makes me angry coz im just like why are you wasting so much money,-2.4000000953674316,-1.5139548778533936,0,0,1,1
rnaNMUZpvvg[4],it wasnt even holding my attention,-2.799999952316284,-1.4679210186004639,0,0,0,2
rnaNMUZpvvg[5],i could barely stay awake through the movie,-2.5999999046325684,-1.49788236618042,0,0,0,2
rnaNMUZpvvg[6],i honestly wanted the aliens to win,-0.4000000059604645,-0.0795661062002182,0,0,3,3
rnaNMUZpvvg[7],all the characters were just so unlikable just,-1.600000023841858,-1.4916126728057861,0,0,1,2
rnaNMUZpvvg[8],just there was only one character the doctor he was the only person i even really cared about,-1.399999976158142,-1.4958219528198242,0,0,2,2
rnaNMUZpvvg[9],and even he was a douchebag all of them,-2.5999999046325684,-1.4060648679733276,0,0,0,2
rnaNMUZpvvg[10],every single cowboy was just a complete douchebag and,-2.5999999046325684,-1.4745728969573975,0,0,0,2
rnaNMUZpvvg[11],and there was just this little boy and he was the only person who wasnt a douchebag but,-1.0,0.1145646944642067,0,1,2,3
rnaNMUZpvvg[12],but he wasnt even interesting,-2.0,-1.4645087718963623,0,0,1,2
rnaNMUZpvvg[13],but they gave him no no character like he had no character development whatsoeverhe was,-2.5999999046325684,-1.4934029579162598,0,0,0,2
rnaNMUZpvvg[14],just like a plot device for this other guy to start acting like a father figure and he was just stupid but then he didnt even act like a father figure towards him,-1.600000023841858,-1.0817134380340576,0,0,1,2
rnaNMUZpvvg[15],but he was actually complete douchebag who,-1.7999999523162842,-1.3097631931304932,0,0,1,2
rnaNMUZpvvg[16],why are you killing everyone,-1.600000023841858,-0.8778477907180786,0,0,1,2
rnaNMUZpvvg[17],it just some people were like oh hes so cool hes so awesome like youve never seen that in the movie this person who had amnesia just kills everybody even if its like but that was so unnecessary whay are,-2.200000047683716,1.4893815517425537,0,1,1,4
rnaNMUZpvvg[18],you killing these people you dont even know whats going on like dude get over yourself,-1.399999976158142,-1.0837048292160034,0,0,2,2
rnaNMUZpvvg[19],he looked awesome while he did it but yeah ok so let all the girls who want all disagree with me coz they all think this is an amazing movie but they all think he was amazing because they were staring at daniel craig the whole time theyr going oh my gosh hes so hot,0.800000011920929,1.6004964113235474,1,1,4,5
rnaNMUZpvvg[20],all the guys that went were pretty much on my page they were just like wow that was stupid wow,-2.5999999046325684,-1.504761815071106,0,0,0,1
rnaNMUZpvvg[21],i sat with the guys and we all try to stay awake through it um and kept falling asleep and then talk about how stupid it was,-2.200000047683716,-1.346160888671875,0,0,1,2
tIrG4oNLFzE[0],now i am a huge huge fan of nicholas sparks,2.799999952316284,1.5972224473953247,1,1,6,5
tIrG4oNLFzE[1],um the notebook is one of my favorite films,2.4000000953674316,1.579972267150879,1,1,5,5
tIrG4oNLFzE[2],um i really enjoyed a walk to remember me and dear john,2.5999999046325684,1.582730770111084,1,1,6,5
tIrG4oNLFzE[3],i really did enjoy as well wasnt too fond of the ending,1.399999976158142,1.4851423501968384,1,1,4,4
tIrG4oNLFzE[4],so i went into this film having quite high expectations,0.4000000059604645,1.6051924228668213,1,1,3,5
tIrG4oNLFzE[5],i mean its a nicholas sparks book it must be good,1.25,0.32982560992240906,1,1,4,3
tIrG4oNLFzE[6],but on the other hand i was really um wary of going,-1.399999976158142,-0.7879787683486938,0,0,2,2
tIrG4oNLFzE[7],like what to expect from miley cyrus um i mean shes only done the hannah montana franchise playing that one character which i think like 99 of the percent of the time her characters like so overboard shes so exaggerated so i really didnt know how she was going to handle this film,-1.2000000476837158,-1.4038883447647095,0,0,2,2
tIrG4oNLFzE[8],straight away miley cyrus acting miley cyrus acting or lack of she had this same expression throughout the entire film,-1.0,-0.20708906650543213,0,0,2,3
tIrG4oNLFzE[9],it was like this like pouty like grumpy look,-1.7999999523162842,-0.6695924997329712,0,0,1,2
tIrG4oNLFzE[10],and then maybe even when she was happy like she wouldnt frown her um frown her eyebrows but shed still be pouty but like yeah like that,-1.600000023841858,-0.7475858926773071,0,0,1,2
tIrG4oNLFzE[11],which just uh it really annoyed me,-2.5999999046325684,-1.4777864217758179,0,0,0,2
tIrG4oNLFzE[12],like those tho those those moments in the film especially in the beginning where she would sit there stand there cross um with her arms crossed and just look out into the distance like just laughing with the same expression or shed look across the beach or shed look at her dad or shed look at her brother with the same expression and i was just like whatre you thinking i i dont understand what this characters doing,-2.0,-0.7232502102851868,0,0,1,2
tIrG4oNLFzE[13],like okay shes staring whats she thinking how does she feel i had no idea like it was the same expression for shock or for sadness or what i presumed shed be sad but it sigh it really bugged me,-2.4000000953674316,-1.1541900634765625,0,0,1,2
tIrG4oNLFzE[14],but as an actor i really think especially an actor in the lead leading role you really should prepare for that role,-2.0,1.5944223403930664,0,1,1,5
tIrG4oNLFzE[15],i was like how can you go into a film into a leading role and have no idea who your character is,-1.600000023841858,-1.3710670471191406,0,0,1,2
tIrG4oNLFzE[16],smacking so thats probably why she just laughinglooked the same in every single scene there was probably about two scenes that i actually thought yea she this is her acting this is good she can do this,-0.4000000059604645,1.5951547622680664,0,1,3,5
tIrG4oNLFzE[17],but then those two moments just got ruined by the rest of an hour and a half of her being pouty,-2.200000047683716,-1.4840595722198486,0,0,1,2
tStelxIAHjw[0],um ronny wanted to know what was the last movie we saw in theatres and to give a review for it,0.0,-0.07812938839197159,1,0,3,3
tStelxIAHjw[1],um i think the last movie i saw in theatres was toy story 3 and i hated it,-2.0,-1.4896607398986816,0,0,1,2
tStelxIAHjw[2],i really did,0.5,1.5774316787719727,1,1,3,5
tStelxIAHjw[3],i think im getting to that point where im just not entertained by disney pixar movies anymore because i couldnt stand up,-2.799999952316284,-1.5132255554199219,0,0,0,1
tStelxIAHjw[4],and i really hated cars,-2.200000047683716,-1.4765496253967285,0,0,1,2
tStelxIAHjw[5],i liked finding nemo,1.600000023841858,1.5594115257263184,1,1,5,5
tStelxIAHjw[6],and i liked wally,1.399999976158142,1.580592155456543,1,1,4,5
tStelxIAHjw[7],i didnt think it was funny,-2.0,-0.9023505449295044,0,0,1,2
tStelxIAHjw[8],i didnt think it was cute,-1.399999976158142,-0.7957391142845154,0,0,2,2
tStelxIAHjw[9],i didnt think it was sad,-0.4000000059604645,-0.28742682933807373,0,0,3,3
tStelxIAHjw[10],i just hated it,-2.799999952316284,-1.4704701900482178,0,0,0,2
tStelxIAHjw[11],like seriously,-1.0,-0.06984449923038483,0,0,2,3
tStelxIAHjw[12],two out of five stars,-1.600000023841858,1.5623600482940674,0,1,1,5
tStelxIAHjw[13],i guess im just over it,-1.7999999523162842,-1.1989368200302124,0,0,1,2
tStelxIAHjw[14],i kind of have a um artistic video up on my main channel,0.4000000059604645,0.9033915400505066,1,1,3,4
tStelxIAHjw[15],i love you guys,0.800000011920929,1.599731206893921,1,1,4,5
tmZoasNr4rU[0],um id like to quickly talk about machete,0.0,-0.10310205072164536,1,0,3,3
tmZoasNr4rU[1],im sorry and disappointed to say this i didnt like it,-2.0,-1.4743796586990356,0,0,1,2
tmZoasNr4rU[2],i couldnt get into it,-2.0,-1.4873676300048828,0,0,1,2
tmZoasNr4rU[3],i know it its not meant to be taken seriously maybe 70s exploitation movies are more cheesy than machete,-0.800000011920929,-1.1587189435958862,0,0,2,2
tmZoasNr4rU[4],and maybe planet terror im im not sure im just,-0.800000011920929,-0.8456301689147949,0,0,2,2
tmZoasNr4rU[5],sound of cars the action and humor were mostly flat,-1.7999999523162842,-1.4965050220489502,0,0,1,2
tmZoasNr4rU[6],i i cant explain why the humor was was mostly flat because a few or several jokes actually felt they they they actually felt felt funny,-1.0,-1.4284483194351196,0,0,2,2
tmZoasNr4rU[7],but but i just did didnt laugh,-2.0,-1.4796315431594849,0,0,1,2
tmZoasNr4rU[8],sigh it probably would have helped if i went with with someone if at least one other one other person went with me,-0.6000000238418579,-0.0360570028424263,0,0,2,3
tmZoasNr4rU[9],smacking lips maybe only 5 jokes made me laugh,-1.7999999523162842,1.5134369134902954,0,1,1,5
tmZoasNr4rU[10],and uh although like i like dark humor,-0.6000000238418579,1.418614387512207,0,1,2,4
tmZoasNr4rU[11],but i just couldnt find it funny,-2.200000047683716,-1.4832724332809448,0,0,1,2
tmZoasNr4rU[12],no i i i guess so i mean its its it wasnt annoying,-0.800000011920929,-0.42029139399528503,0,0,2,3
tmZoasNr4rU[13],it it it was just there i i i i wasnt i wasnt amused,-2.0,-1.4877879619598389,0,0,1,2
tmZoasNr4rU[14],maybe a lot more than the expendables but,0.25,-0.4383202791213989,1,0,3,3
tmZoasNr4rU[15],expendables but i feel that the movie wasnt really concerned with being exciting,-1.399999976158142,-1.49614679813385,0,0,2,2
tmZoasNr4rU[16],the action feels that its um it its its pretty much just uh quick cut or slash blood scream you know lip smacking fffflat shit,-1.399999976158142,-1.1786028146743774,0,0,2,2
tmZoasNr4rU[17],lip smacking,0.0,-1.1083437204360962,1,0,3,2
tmZoasNr4rU[18],still the the church shootout however brief that was it it was alright,0.20000000298023224,0.68509840965271,1,1,3,4
tmZoasNr4rU[19],maybe it could have been 20 seconds longer,-1.0,-0.8223000764846802,0,0,2,2
v0zCBqDeKcE[0],i just wanna say that i love you,2.5999999046325684,1.566062331199646,1,1,6,5
v0zCBqDeKcE[1],although brooke did a a unique movie last tuesday,-0.4000000059604645,1.6011815071105957,0,1,3,5
v0zCBqDeKcE[2],now i had no idea how good this movie was gonna be,0.6000000238418579,-1.490204930305481,1,0,4,2
v0zCBqDeKcE[3],um i shouldnt say like its not like amazingly gonna win some awards good,0.0,-0.7465872764587402,1,0,3,2
v0zCBqDeKcE[4],but its such a feel good comedy,2.0,1.5885064601898193,1,1,5,5
v0zCBqDeKcE[5],now the real steven russel has like an iq like 163 which is like wow genious i,0.800000011920929,0.8739051818847656,1,1,4,4
v0zCBqDeKcE[6],genious i mean some people like james woods i believe his iq is 1 180 or something like that,1.399999976158142,-0.25466102361679077,1,0,4,3
v0zCBqDeKcE[7],jim carry ian mcgreggor i liked the two of them,1.7999999523162842,1.573105812072754,1,1,5,5
v0zCBqDeKcE[8],i think they are very good actors,1.7999999523162842,1.5828447341918945,1,1,5,5
v0zCBqDeKcE[9],ian mcgreggor happens to be one of my favorites,2.200000047683716,1.57554292678833,1,1,5,5
v0zCBqDeKcE[10],and jim carry um i kind of light went off i love um i used to immitate his comedy style when i was younger believe it or not,1.600000023841858,1.5600600242614746,1,1,5,5
v0zCBqDeKcE[11],i mean he even faked having aids to get out of prison,-0.4000000059604645,-0.9055359363555908,0,0,3,2
v0zCBqDeKcE[12],if youre um a lover of jim carry a lover of ian mcgraggor than youll like this movie,1.7999999523162842,1.5299103260040283,1,1,5,5
v0zCBqDeKcE[13],imdb um now please i love movies,1.5,1.5967128276824951,1,1,5,5
v0zCBqDeKcE[14],i love all aspects of movies,2.4000000953674316,1.5770996809005737,1,1,5,5
v0zCBqDeKcE[15],but this is kind of,0.0,1.3734955787658691,1,1,3,4
vvZ4IcEtiZc[0],and i really really loved it,2.0,1.5961060523986816,1,1,5,5
vvZ4IcEtiZc[1],and i thought that the performances in it were incredible,2.4000000953674316,1.581736445426941,1,1,5,5
vvZ4IcEtiZc[2],and i was just thinking about um how its the performances in it were sort of over overlooked at the academy awards,1.399999976158142,-1.502870798110962,1,0,4,1
vvZ4IcEtiZc[3],because um there were so many great movies that came out this year i mean um the kings speech black swan 127 hours inception,2.200000047683716,1.5912201404571533,1,1,5,5
vvZ4IcEtiZc[4],but there were a lot of great movies out this year,1.2000000476837158,1.583364486694336,1,1,4,5
vvZ4IcEtiZc[5],some of the great performances um of last year were kind of overlooked cuz there were just so many of them,1.0,-1.5006914138793945,1,0,4,1
vvZ4IcEtiZc[6],and i think that blue valentine has um become kind of underrated,1.399999976158142,1.5973000526428223,1,1,4,5
vvZ4IcEtiZc[7],and its truly heartbreaking to see that contrasted with the state of things,-1.5,1.5871706008911133,0,1,1,5
vvZ4IcEtiZc[8],and theres a lots of smacking lips theres so many dynamics going on with this relationship and i think that it was it was a great story,2.200000047683716,1.6036633253097534,1,1,5,5
vvZ4IcEtiZc[9],and its sort of like a contrived plot thats been used over and over again,-2.0,-0.6465742588043213,0,0,1,2
vvZ4IcEtiZc[10],because its um its an audience pleaser you know,1.600000023841858,0.9393203258514404,1,1,5,4
vvZ4IcEtiZc[11],an especially when it comes to romantic dramas like thumping its uh it gets the audiences to theatres because its a compelling idea but its been uh done,0.20000000298023224,1.5363521575927734,1,1,3,5
vyB00TXsimI[0],but i do wanna tell you about priest,0.0,0.682773232460022,1,1,3,4
vyB00TXsimI[1],if you were looking for a movie that has anything realistic in it you should not be looking at this movie because it is insane,-2.4000000953674316,-1.504374623298645,0,0,1,1
vyB00TXsimI[2],if you like explosions really ridiculous action sequences malodramatic plot and acting this is the right movie to see,2.200000047683716,1.5763437747955322,1,1,5,5
vyB00TXsimI[3],and she also has pretty sweet moves,1.7999999523162842,1.5795725584030151,1,1,5,5
vyB00TXsimI[4],and is fun to watch,1.7999999523162842,1.5969674587249756,1,1,5,5
vyB00TXsimI[5],some really fun touches within the movie is that two vampires in other shows appear in this movie not as vampires,2.0,1.6021860837936401,1,1,5,5
vyB00TXsimI[6],therere also two lord of the rings grads which i absolutely love,2.4000000953674316,1.5816655158996582,1,1,5,5
vyB00TXsimI[7],and anyone who knows me knows the lord of the rings trilogy is probably my favorite movie ever,2.5999999046325684,1.5922160148620605,1,1,6,5
vyB00TXsimI[8],if all three of them were put together,-0.25,0.05769329518079758,0,1,3,3
vyB00TXsimI[9],yeah thats about how my favorite list goes,1.3333333730697632,1.1707416772842407,1,1,4,4
vyB00TXsimI[10],which basically means hes wormtongue again in a different way,-0.20000000298023224,-0.6384105086326599,0,0,3,2
vyB00TXsimI[11],other notable mentiones are christopher plumber,0.20000000298023224,0.6401546001434326,1,1,3,4
vyB00TXsimI[12],and she is a really pretty girl,2.4000000953674316,1.5974271297454834,1,1,5,5
vyB00TXsimI[13],this is one of my favorite types of movies,2.0,1.5847620964050293,1,1,5,5
vyB00TXsimI[14],i really love the melodramatic over the top crazy action sort of thing going on,2.5999999046325684,1.5854291915893555,1,1,6,5
vyB00TXsimI[15],theres s scene in a cave where they fight a giant monster that really reminds me of like some sort of lord of the rings mines of moria moment,0.4000000059604645,1.591686487197876,1,1,3,5
vyB00TXsimI[16],and theres a better on top of the train fights than the first mission impossible movie,1.399999976158142,1.1057971715927124,1,1,4,4
vyB00TXsimI[17],so yes i really enjoyed it,2.4000000953674316,1.5989701747894287,1,1,5,5
vyB00TXsimI[18],i thought it was fun,1.2000000476837158,1.5788421630859375,1,1,4,5
vyB00TXsimI[19],and i enjoyed myself a lot at the movie,2.200000047683716,1.5805232524871826,1,1,5,5
vyB00TXsimI[20],i laughed at quite a bit of the dialogue,1.2000000476837158,1.5495610237121582,1,1,4,5
vyB00TXsimI[21],and there actually was one scene that i found kin,0.6000000238418579,0.1617622822523117,1,1,4,3
wMbj6ajWbic[0],because i really wanted to see it actually,0.5,1.2839820384979248,1,1,3,4
wMbj6ajWbic[1],and um first of all i i actually was never a huge fan of the ji joe tv series,-0.800000011920929,-1.498947024345398,0,0,2,2
wMbj6ajWbic[2],or big collector of the action figures,0.0,0.7248649001121521,1,1,3,4
wMbj6ajWbic[3],but i wasnt big on it um,1.0,-1.373417854309082,1,0,4,2
wMbj6ajWbic[4],ji joe rise of the cobra um this movie is incredible cheezy but,0.20000000298023224,1.5766916275024414,1,1,3,5
wMbj6ajWbic[5],cheezy but in the good way i in ist theres two types of cheezy and this is the good kind of cheezyyes it,1.7999999523162842,1.4960521459579468,1,1,5,4
wMbj6ajWbic[6],the acting is a little rough in some parts,-1.2000000476837158,-1.4838950634002686,0,0,2,2
wMbj6ajWbic[7],well you know um corny,-0.20000000298023224,1.4171745777130127,0,1,3,4
wMbj6ajWbic[8],but the m the script is corny,-2.0,1.2303478717803955,0,1,1,4
wMbj6ajWbic[9],i mean the way its written is corny,-1.7999999523162842,-1.288074016571045,0,0,1,2
wMbj6ajWbic[10],i mean i didnt go to this movie expecting to see the dark night,0.4000000059604645,-0.5050613880157471,1,0,3,2
wMbj6ajWbic[11],and quite honestly i wish ive seen this over the summer,1.600000023841858,1.593395709991455,1,1,5,5
wMbj6ajWbic[12],because if ive seen it over the summer i probably wouldve rated it best action movie i saw this summer,2.0,1.4647523164749146,1,1,5,4
wMbj6ajWbic[13],this summer was kind of weird with the action movies if you ask me,-0.800000011920929,-1.4432222843170166,0,0,2,2
wMbj6ajWbic[14],i did like transformers 2 even though a lot of people didnt like that,2.0,1.2479143142700195,1,1,5,4
wMbj6ajWbic[15],but you know this movie um this really um wouldve made up for a disappointment that it had a terminator salvation,-0.4000000059604645,-1.4877748489379883,0,0,3,2
wMbj6ajWbic[16],and um you know you have a lot of good actors in this movie actually a lot of good actors,2.0,1.5095925331115723,1,1,5,5
wMbj6ajWbic[17],in you know theyre in there this is a cheezy um movie,-1.0,-0.7374394536018372,0,0,2,2
wMbj6ajWbic[18],so you know its not like you actually getting like academy award quality acting performances,-0.6000000238418579,-0.3372749388217926,0,0,2,3
wMbj6ajWbic[19],um and now the performances are like something like to write home about,-0.4000000059604645,0.4504316747188568,0,1,3,3
wMbj6ajWbic[20],um that being said you can tell that lot people were having fun with this,1.600000023841858,1.555250883102417,1,1,5,5
wMbj6ajWbic[21],and i xxx like in particular joseph joseph gordonlevitt had a lot of fun with his role,1.399999976158142,1.6138675212860107,1,1,4,5
wMbj6ajWbic[22],i think um rachel nichols had a lot of fun with her role,1.7999999523162842,1.602079153060913,1,1,5,5
wMbj6ajWbic[23],marlon wayans had a lot of fun,1.399999976158142,1.5901169776916504,1,1,4,5
wMbj6ajWbic[24],but the guy from lost had a lot of fun,2.0,1.535847783088684,1,1,5,5
wMbj6ajWbic[25],dennis quaid i think had a lot of fun,1.7999999523162842,1.584547758102417,1,1,5,5
wMbj6ajWbic[26],um same with christopher eccleston,0.0,0.5123425722122192,1,1,3,4
wMbj6ajWbic[27],so i i think it was cool to actually see ray park in action great action star,2.4000000953674316,1.6037997007369995,1,1,5,5
wMbj6ajWbic[28],he does a great job with his snake eyes which is always cool to see that,1.7999999523162842,1.604683756828308,1,1,5,5
wMbj6ajWbic[29],joe movie is how international it was it was very divert,0.800000011920929,1.598231554031372,1,1,4,5
yDtzw_Y-7RU[0],but let me first say this i liked it more than i expected i would,0.800000011920929,1.5807397365570068,1,1,4,5
yDtzw_Y-7RU[1],this film is slavishly devoted to the original book or nov novella uh by uh charles dickens,0.800000011920929,-1.392148733139038,1,0,4,2
yDtzw_Y-7RU[2],number one it means its much scarier than you could imagine,0.75,-1.0575172901153564,1,0,4,2
yDtzw_Y-7RU[3],my 8 year old was terrified through part of this because the original version is terrifying,-1.0,-0.8737322092056274,0,0,2,2
yDtzw_Y-7RU[4],let me say this if your christianity is extremely legalistic this is the film for you,0.5,0.18806850910186768,1,1,3,3
yDtzw_Y-7RU[5],cause this is a film that basically says you know what you should do you should take care of poor people because jesus told us to take care of poor people and if you dont take care of poor people youre gonna burn in hell,-1.2000000476837158,-1.5170117616653442,0,0,2,1
yDtzw_Y-7RU[6],so laughing if thats your form of christianity its a christian film,-0.20000000298023224,0.5295907258987427,0,1,3,4
yDtzw_Y-7RU[7],um its not my form,-1.5,-0.4801364839076996,0,0,1,3
yDtzw_Y-7RU[8],um another thing about this film is in its devotion is that sometimes my children could not understand what was being said because they were speaking dickensonian english,-1.0,1.5966343879699707,0,1,2,5
yDtzw_Y-7RU[9],sometimes i missed what was being said,-0.6000000238418579,-1.0712449550628662,0,0,2,2
yDtzw_Y-7RU[10],therefore a lot of social commentary goes woop sound effect over your head,-1.399999976158142,-0.025156522169709206,0,0,2,3
yDtzw_Y-7RU[11],or just really doesnt make any difference to us today at all,-0.6666666865348816,-1.4801316261291504,0,0,2,2
yDtzw_Y-7RU[12],um all this stuff about debtors prison for instance doesnt really um jive here in 21st century america,-1.7999999523162842,-1.275322437286377,0,0,1,2
yDtzw_Y-7RU[13],and this film is this amazing like i say slavish devotion to charles dickens with an amusement park ride,2.200000047683716,1.6007964611053467,1,1,5,5
yDtzw_Y-7RU[14],because this thing is is meant to be seen in 3d which,0.6000000238418579,0.8146710395812988,1,1,4,4
yDtzw_Y-7RU[15],and throughout the film youre going sound effects laughing either from the terrifying characters,0.6000000238418579,0.3439973294734955,1,1,4,3
yDtzw_Y-7RU[16],or most likely from going very quickly through london with you know demon horses chasing you so uh theres that,0.20000000298023224,0.19302132725715637,1,1,3,3
yDtzw_Y-7RU[17],also about the animation the people just like in polar express a film i really did not like,-2.0,-1.489027500152588,0,0,1,2
yDtzw_Y-7RU[18],um the people seemed sort of dead,-1.600000023841858,-1.4804840087890625,0,0,1,2
yDtzw_Y-7RU[19],except their eyes are kind of like this welcome to the polar express,-0.6000000238418579,0.08769742399454117,0,1,2,3
yDtzw_Y-7RU[20],and thats a lot to be said for a one minute review,0.20000000298023224,-0.1663110852241516,1,0,3,3
yDtzw_Y-7RU[21],i actually like the film,2.0,1.5834565162658691,1,1,5,5
yDtzw_Y-7RU[22],um i enjoyed myself in it you might as well,2.200000047683716,1.5900286436080933,1,1,5,5
yDtzw_Y-7RU[23],i would not take a young child,-0.800000011920929,-0.5787371397018433,0,0,2,2
yvsjCA6Y5Fc[0],robin hood starring russel crow um first thing i got to say xxx i was dreading going in to see this movie,-2.0,-1.4844260215759277,0,0,1,2
yvsjCA6Y5Fc[1],the trailers werent really doing it much for me,-1.2000000476837158,-1.4927672147750854,0,0,2,2
yvsjCA6Y5Fc[2],so i really was not looking forward to seeing this movie,-2.0,-1.4861814975738525,0,0,1,2
yvsjCA6Y5Fc[3],um but i guess say maybe my expectations were lowered by these other reviews that i read,-0.20000000298023224,-1.1042704582214355,0,0,3,2
yvsjCA6Y5Fc[4],but i didnt mind it,0.4000000059604645,-0.6845986247062683,1,0,3,2
yvsjCA6Y5Fc[5],but i didnt find it all that bad,0.0,-1.3066167831420898,1,0,3,2
yvsjCA6Y5Fc[6],i didnt find it all that good,-1.7999999523162842,-1.4737040996551514,0,0,1,2
yvsjCA6Y5Fc[7],like i said maybe my expectations were lowered because of all of those reviews but i really didnt hate it,0.4000000059604645,-1.38279390335083,1,0,3,2
yvsjCA6Y5Fc[8],like what people could hate about this movie there are some negatives to say the least,-1.399999976158142,-1.492805004119873,0,0,2,2
yvsjCA6Y5Fc[9],um really first and foremost it just lacked the charm of these past robin hood movies that we know,-2.0,-1.4993834495544434,0,0,1,2
yvsjCA6Y5Fc[10],theres men in tights which you know hilarious spoof of the story,2.0,0.4906190037727356,1,1,5,3
yvsjCA6Y5Fc[11],theres a kevin costner prince of fee version which was supposed to be the dark and edgy version of his time i mean but that was what thirteen years ago fourteen years ago probably more than that,-0.6000000238418579,-0.4309721887111664,0,0,2,3
yvsjCA6Y5Fc[12],and it just lacked the charm of those past movies,-2.0,-1.4863603115081787,0,0,1,2
yvsjCA6Y5Fc[13],it did seem to focus too much on epic epic epic,-1.0,-1.1325784921646118,0,0,2,2
yvsjCA6Y5Fc[14],and it really just lacked what made the other movies more enjoyable,-2.0,-1.4558533430099487,0,0,1,2
yvsjCA6Y5Fc[15],and suffers from what i call kingdom of heaven syndrom where it builds too much for these huge catastrophic war sequences theyre supposed to blow you away but the problem is you dont give a damn because it just lacks that charm of the past movies,-1.7999999523162842,-1.50896155834198,0,0,1,1
yvsjCA6Y5Fc[16],um not in all instances but the ones that matter the most yeah,-0.6000000238418579,-0.5110360980033875,0,0,2,2
yvsjCA6Y5Fc[17],um russel crow and cate blanchette just did not sell it for me i had a very hard time just buying it,-2.200000047683716,-1.4937865734100342,0,0,1,2
yvsjCA6Y5Fc[18],like were supposed to believe that these two are in their mid wel you know mid thirties at the oldest and laughter theyre looking pretty rough in this movie,-1.600000023841858,-1.2135834693908691,0,0,1,2
yvsjCA6Y5Fc[19],crusaids i can appreciate that,0.800000011920929,1.6057069301605225,1,1,4,5
yvsjCA6Y5Fc[20],hes not gonna be looking like a chipper bright young man but early thirties really you want me to buy that,-1.7999999523162842,-0.02537754736840725,0,0,1,3
yvsjCA6Y5Fc[21],i cant do it,-1.600000023841858,-1.4782849550247192,0,0,1,2
yvsjCA6Y5Fc[22],especially when hes hanging around with a married men who all but one of them are probably early twenties laughter and one of them is maybe mid twenties and meanwhile theyre hanging in with papa russel it just looks like you know its bunch of a guys hanging there so one brought dad along coz he offered to drive,-1.2000000476837158,-0.7655225992202759,0,0,2,2
zhpQhgha_KU[0],im gonna start off with saying that i really wasnt very impressed with the movie,-1.600000023841858,-1.478832721710205,0,0,1,2
zhpQhgha_KU[1],and i liked the first movie i thought the first movie was really good,1.600000023841858,1.58711576461792,1,1,5,5
zhpQhgha_KU[2],but this movie kind of came off like somebodys really sad travel video i dont know,-1.600000023841858,-1.4999362230300903,0,0,1,2
zhpQhgha_KU[3],i mean that sounds really harsh,-1.600000023841858,-1.458045244216919,0,0,1,2
zhpQhgha_KU[4],but i just wasnt i just i dont know i didnt really like the movie all that much,-2.200000047683716,-1.5071513652801514,0,0,1,1
zhpQhgha_KU[5],i mean i had some some good moments,1.0,1.597411870956421,1,1,4,5
zhpQhgha_KU[6],and a few funny parts,1.0,0.523956298828125,1,1,4,4
zhpQhgha_KU[7],but all in all i just thought it was really over overly sad,-1.0,-1.4950544834136963,0,0,2,2
zhpQhgha_KU[8],i dont know i just thought i just thought it was really really sad,-1.0,-1.4876922369003296,0,0,2,2
zhpQhgha_KU[9],um i mean if you really like the show and you really liked the first movie and you still wanna go and see this im not gonna discourage you from seeing it,0.6000000238418579,1.6025447845458984,1,1,4,5
zhpQhgha_KU[10],i just personally i just didnt really enjoy it,-2.4000000953674316,-1.4658093452453613,0,0,1,2
zhpQhgha_KU[11],um it also really didnt need a lot of the things that it had in it,-1.399999976158142,-1.4839048385620117,0,0,2,2
zhpQhgha_KU[12],like it couldve been shorter,-1.0,-0.9709947109222412,0,0,2,2
zhpQhgha_KU[13],but a lot of the footage was kind of unnecessary,-1.5,-1.4977701902389526,0,0,1,2
zhpQhgha_KU[14],and i mean i dont know i just i feel like i dont mean if i have wasted those two hours i just feel like i couldve done something better with them,-2.0,-1.4851157665252686,0,0,1,2
zhpQhgha_KU[15],i think that charlotte and miranda have some really nice moments in the movie,1.7999999523162842,1.5977718830108643,1,1,5,5
zhpQhgha_KU[16],i really think that i really like the mirandas character,1.75,1.5974583625793457,1,1,5,5
zhpQhgha_KU[17],actually the most upbeat character in the whole movie,0.6000000238418579,1.5680359601974487,1,1,4,5
zhpQhgha_KU[18],i think that um and that everybody i do feel really bad for charlotte,-0.800000011920929,-1.4700891971588135,0,0,2,2
zhpQhgha_KU[19],she does have a lot of issues,-1.399999976158142,-0.8860230445861816,0,0,2,2
zhpQhgha_KU[20],and you really can kind of symphatize whether youve got to have kids,0.6000000238418579,-1.229917287826538,1,0,4,2
zhpQhgha_KU[21],i mean even if you dont have kids,0.6000000238418579,-0.7437256574630737,1,0,4,2
zhpQhgha_KU[22],because its just just about getting getting time for yourself,-0.5,-0.43983057141304016,0,0,3,3
zhpQhgha_KU[23],and not being really stressed out,0.0,-0.9071100354194641,1,0,3,2
zhpQhgha_KU[24],and i think that thats thats a very relatable issue,1.0,1.4832245111465454,1,1,4,4
zhpQhgha_KU[25],i think that they all have like a lot of issues,0.0,-0.15769167244434357,1,0,3,3
zhpQhgha_KU[26],and that some are very relatable yeah,0.800000011920929,1.4525574445724487,1,1,4,4
zhpQhgha_KU[27],very relatable yeah i mean it it has some fun moments,1.399999976158142,1.589569330215454,1,1,4,5
zhpQhgha_KU[28],but all in all wasnt really that big of a fan,-1.2000000476837158,-1.5030282735824585,0,0,2,1
zhpQhgha_KU[29],because there really wasnt all that much to it for me,-2.0,-1.494537591934204,0,0,1,2
zhpQhgha_KU[30],um like i said if you like it feel free to go see it i just personally wasnt that into it,-1.0,-1.4725794792175293,0,0,2,2
zhpQhgha_KU[31],um yeah i mean if you wanna see a video um its gonna be who enjoyed a film,0.800000011920929,1.1367095708847046,1,1,4,4
zhpQhgha_KU[32],if you do wanna see somebody whos possibly critiquing it,-0.4000000059604645,0.9016804695129395,0,1,3,4
zhpQhgha_KU[33],and she really enjoyed the film,1.2000000476837158,1.593988299369812,1,1,4,5
zhpQhgha_KU[34],um so if you like to hear a um like more positive review check out her review it is very good,0.6000000238418579,1.5908586978912354,1,1,4,5
